condition,condition_order,intensity_group,intensity_log_cd_s_m2,animal,a_wave_uv,b_wave_uv,a_implicit_ms,b_implicit_ms
Control,1,Group1,-1.7,an1,59.07,175.44,33.4,118.0
Control,1,Group1,-1.7,an2,41.1,143.21,31.6,116.6
Control,1,Group1,-1.7,an3,62.25,141.78,36.8,120.0
Control,1,Group1,-1.7,an4,56.64,160.5,34.4,119.0
Control,1,Group1,-1.7,an5,35.9,149.17,27.0,120.0
Control,1,Group2,-0.8,an1,100.25,248.56,29.8,120.0
Control,1,Group2,-0.8,an2,93.02,192.9,32.2,120.0
Control,1,Group2,-0.8,an3,92.56,186.65,33.4,120.0
Control,1,Group2,-0.8,an4,91.93,225.28,30.0,120.0
Control,1,Group2,-0.8,an5,95.74,193.19,32.8,120.0
Control,1,Group3,0.1,an1,220.75,308.42,32.2,105.8
Control,1,Group3,0.1,an2,184.69,253.44,32.2,105.8
Control,1,Group3,0.1,an3,172.8,256.17,38.0,110.6
Control,1,Group3,0.1,an4,200.52,279.51,35.2,109.2
Control,1,Group3,0.1,an5,184.07,260.75,36.0,112.6
Control,1,Group4,1.0,an1,72.29,313.63,27.4,97.4
Control,1,Group4,1.0,an2,76.04,256.25,32.4,96.8
Control,1,Group4,1.0,an3,78.54,256.58,28.2,114.0
Control,1,Group4,1.0,an4,112.48,282.24,33.0,101.6
Control,1,Group4,1.0,an5,93.55,263.97,30.8,114.8
Control,1,Group5,1.9,an1,49.81,279.47,15.8,96.0
Control,1,Group5,1.9,an2,35.86,228.61,13.2,94.0
Control,1,Group5,1.9,an3,34.69,229.16,10.8,91.0
Control,1,Group5,1.9,an4,42.42,254.18,15.0,95.6
Control,1,Group5,1.9,an5,35.89,235.85,14.2,94.2
Control,1,Group6,2.8,an1,186.48,283.7,17.2,92.4
Control,1,Group6,2.8,an2,173.37,235.53,16.0,91.2
Control,1,Group6,2.8,an3,203.89,234.69,14.6,89.2
Control,1,Group6,2.8,an4,145.93,258.09,19.0,94.6
Control,1,Group6,2.8,an5,173.62,238.99,18.8,91.0
Control,1,Group7,3.1,an1,89.19,344.96,7.4,91.0
Control,1,Group7,3.1,an2,87.98,277.9,8.8,94.0
Control,1,Group7,3.1,an3,85.02,278.28,9.0,93.8
Control,1,Group7,3.1,an4,80.83,312.46,7.8,92.8
Control,1,Group7,3.1,an5,110.06,281.82,9.6,93.4
Untreated,2,Group1,-1.7,an1,71.53,93.72,26.0,116.0
Untreated,2,Group1,-1.7,an2,87.78,81.77,8.0,118.2
Untreated,2,Group1,-1.7,an3,117.39,80.45,29.4,119.6
Untreated,2,Group1,-1.7,an4,61.34,44.48,29.2,40.0
Untreated,2,Group1,-1.7,an5,53.05,68.8,6.2,116.4
Untreated,2,Group2,-0.8,an1,49.15,76.67,23.2,73.6
Untreated,2,Group2,-0.8,an2,78.35,68.26,19.2,49.6
Untreated,2,Group2,-0.8,an3,46.94,86.44,1.6,72.0
Untreated,2,Group2,-0.8,an4,43.06,43.03,19.8,50.2
Untreated,2,Group2,-0.8,an5,32.51,57.31,22.4,73.0
Untreated,2,Group3,0.1,an1,131.63,42.82,18.2,48.4
Untreated,2,Group3,0.1,an2,114.06,41.89,39.2,49.4
Untreated,2,Group3,0.1,an3,131.25,44.07,36.0,106.0
Untreated,2,Group3,0.1,an4,48.98,20.94,21.8,51.4
Untreated,2,Group3,0.1,an5,95.76,31.07,36.8,106.6
Untreated,2,Group4,1.0,an1,21.74,53.32,24.8,114.0
Untreated,2,Group4,1.0,an2,20.17,53.53,28.2,98.8
Untreated,2,Group4,1.0,an3,52.28,51.82,33.2,103.8
Untreated,2,Group4,1.0,an4,17.06,29.79,9.8,100.0
Untreated,2,Group4,1.0,an5,23.47,37.75,29.2,113.8
Untreated,2,Group5,1.9,an1,46.57,29.83,8.8,77.4
Untreated,2,Group5,1.9,an2,38.67,31.15,7.0,75.4
Untreated,2,Group5,1.9,an3,43.33,33.58,6.6,74.8
Untreated,2,Group5,1.9,an4,20.78,19.09,5.6,74.2
Untreated,2,Group5,1.9,an5,30.44,22.87,7.0,75.4
Untreated,2,Group6,2.8,an1,104.25,41.7,14.6,46.4
Untreated,2,Group6,2.8,an2,55.72,45.59,20.4,51.4
Untreated,2,Group6,2.8,an3,62.37,47.38,18.8,50.2
Untreated,2,Group6,2.8,an4,34.83,28.03,20.8,52.2
Untreated,2,Group6,2.8,an5,38.43,33.54,23.4,75.4
Untreated,2,Group7,3.1,an1,253.37,74.61,37.2,47.2
Untreated,2,Group7,3.1,an2,230.32,73.46,38.0,47.8
Untreated,2,Group7,3.1,an3,255.85,78.74,38.2,47.8
Untreated,2,Group7,3.1,an4,139.97,43.86,38.2,48.4
Untreated,2,Group7,3.1,an5,189.91,54.63,35.0,44.8
AAV8-RK-PDE6B,3,Group1,-1.7,an1,36.09,26.24,29.6,40.0
AAV8-RK-PDE6B,3,Group1,-1.7,an2,30.43,23.28,8.8,58.4
AAV8-RK-PDE6B,3,Group1,-1.7,an3,12.98,14.26,7.2,56.2
AAV8-RK-PDE6B,3,Group1,-1.7,an4,26.34,20.55,25.6,55.6
AAV8-RK-PDE6B,3,Group1,-1.7,an5,16.48,19.51,24.4,54.6
AAV8-RK-PDE6B,3,Group2,-0.8,an1,43.75,40.35,12.6,119.0
AAV8-RK-PDE6B,3,Group2,-0.8,an2,37.35,39.54,7.6,115.8
AAV8-RK-PDE6B,3,Group2,-0.8,an3,21.83,20.4,19.6,117.8
AAV8-RK-PDE6B,3,Group2,-0.8,an4,36.35,35.96,4.8,120.0
AAV8-RK-PDE6B,3,Group2,-0.8,an5,25.96,27.91,15.6,111.4
AAV8-RK-PDE6B,3,Group3,0.1,an1,31.04,63.31,11.8,116.0
AAV8-RK-PDE6B,3,Group3,0.1,an2,37.11,59.61,12.2,116.8
AAV8-RK-PDE6B,3,Group3,0.1,an3,21.51,32.71,14.8,118.2
AAV8-RK-PDE6B,3,Group3,0.1,an4,32.81,56.76,11.8,116.8
AAV8-RK-PDE6B,3,Group3,0.1,an5,37.55,45.77,16.2,119.6
AAV8-RK-PDE6B,3,Group4,1.0,an1,67.97,82.77,3.6,53.6
AAV8-RK-PDE6B,3,Group4,1.0,an2,77.84,78.08,2.8,52.8
AAV8-RK-PDE6B,3,Group4,1.0,an3,33.01,43.54,5.8,55.8
AAV8-RK-PDE6B,3,Group4,1.0,an4,62.72,77.96,4.0,53.8
AAV8-RK-PDE6B,3,Group4,1.0,an5,49.72,63.84,4.0,54.0
AAV8-RK-PDE6B,3,Group5,1.9,an1,71.06,51.61,22.6,113.6
AAV8-RK-PDE6B,3,Group5,1.9,an2,67.74,50.01,21.6,112.2
AAV8-RK-PDE6B,3,Group5,1.9,an3,50.08,29.31,18.0,108.8
AAV8-RK-PDE6B,3,Group5,1.9,an4,93.63,48.2,17.0,107.4
AAV8-RK-PDE6B,3,Group5,1.9,an5,72.85,40.15,18.0,108.2
AAV8-RK-PDE6B,3,Group6,2.8,an1,122.53,32.08,32.0,120.0
AAV8-RK-PDE6B,3,Group6,2.8,an2,109.46,37.72,30.6,120.0
AAV8-RK-PDE6B,3,Group6,2.8,an3,67.53,15.5,32.2,120.0
AAV8-RK-PDE6B,3,Group6,2.8,an4,82.48,43.07,28.4,120.0
AAV8-RK-PDE6B,3,Group6,2.8,an5,82.34,28.91,30.0,120.0
AAV8-RK-PDE6B,3,Group7,3.1,an1,127.91,43.18,35.6,46.2
AAV8-RK-PDE6B,3,Group7,3.1,an2,65.14,44.87,20.6,50.6
AAV8-RK-PDE6B,3,Group7,3.1,an3,37.42,22.99,21.8,51.4
AAV8-RK-PDE6B,3,Group7,3.1,an4,83.05,40.96,39.0,49.6
AAV8-RK-PDE6B,3,Group7,3.1,an5,39.34,34.44,22.8,52.8
AAV8-RK-GFP-polyA-stuffer,4,Group1,-1.7,an1,67.25,62.8,21.4,72.2
AAV8-RK-GFP-polyA-stuffer,4,Group1,-1.7,an2,64.5,41.89,19.4,71.6
AAV8-RK-GFP-polyA-stuffer,4,Group1,-1.7,an3,48.21,38.7,20.4,70.6
AAV8-RK-GFP-polyA-stuffer,4,Group1,-1.7,an4,123.74,86.13,19.6,70.2
AAV8-RK-GFP-polyA-stuffer,4,Group1,-1.7,an5,67.99,50.41,19.6,50.8
AAV8-RK-GFP-polyA-stuffer,4,Group2,-0.8,an1,56.84,72.96,6.4,76.6
AAV8-RK-GFP-polyA-stuffer,4,Group2,-0.8,an2,51.98,49.13,8.2,117.2
AAV8-RK-GFP-polyA-stuffer,4,Group2,-0.8,an3,38.07,45.12,7.0,117.0
AAV8-RK-GFP-polyA-stuffer,4,Group2,-0.8,an4,65.99,115.93,5.6,115.6
AAV8-RK-GFP-polyA-stuffer,4,Group2,-0.8,an5,78.88,49.77,10.8,80.8
AAV8-RK-GFP-polyA-stuffer,4,Group3,0.1,an1,92.74,154.05,23.6,53.8
AAV8-RK-GFP-polyA-stuffer,4,Group3,0.1,an2,64.57,98.59,28.8,60.0
AAV8-RK-GFP-polyA-stuffer,4,Group3,0.1,an3,38.46,93.04,27.6,57.8
AAV8-RK-GFP-polyA-stuffer,4,Group3,0.1,an4,83.24,233.6,25.8,56.4
AAV8-RK-GFP-polyA-stuffer,4,Group3,0.1,an5,64.57,118.93,28.4,59.0
AAV8-RK-GFP-polyA-stuffer,4,Group4,1.0,an1,72.91,35.13,9.2,40.0
AAV8-RK-GFP-polyA-stuffer,4,Group4,1.0,an2,82.88,26.42,13.0,44.2
AAV8-RK-GFP-polyA-stuffer,4,Group4,1.0,an3,50.44,23.47,9.6,40.4
AAV8-RK-GFP-polyA-stuffer,4,Group4,1.0,an4,161.46,53.1,11.8,42.8
AAV8-RK-GFP-polyA-stuffer,4,Group4,1.0,an5,74.85,30.61,9.6,41.0
AAV8-RK-GFP-polyA-stuffer,4,Group5,1.9,an1,32.57,24.18,36.4,81.2
AAV8-RK-GFP-polyA-stuffer,4,Group5,1.9,an2,22.67,17.36,28.8,80.2
AAV8-RK-GFP-polyA-stuffer,4,Group5,1.9,an3,27.77,17.11,33.0,84.4
AAV8-RK-GFP-polyA-stuffer,4,Group5,1.9,an4,46.21,37.0,8.4,79.8
AAV8-RK-GFP-polyA-stuffer,4,Group5,1.9,an5,35.92,19.47,13.2,84.0
AAV8-RK-GFP-polyA-stuffer,4,Group6,2.8,an1,115.95,59.43,12.4,62.4
AAV8-RK-GFP-polyA-stuffer,4,Group6,2.8,an2,92.62,44.05,17.2,66.2
AAV8-RK-GFP-polyA-stuffer,4,Group6,2.8,an3,52.45,37.27,9.6,61.0
AAV8-RK-GFP-polyA-stuffer,4,Group6,2.8,an4,121.75,87.89,9.8,60.0
AAV8-RK-GFP-polyA-stuffer,4,Group6,2.8,an5,97.72,52.93,11.4,62.0
AAV8-RK-GFP-polyA-stuffer,4,Group7,3.1,an1,49.55,50.55,18.8,53.4
AAV8-RK-GFP-polyA-stuffer,4,Group7,3.1,an2,30.0,44.37,2.6,57.0
AAV8-RK-GFP-polyA-stuffer,4,Group7,3.1,an3,24.67,37.01,2.8,57.0
AAV8-RK-GFP-polyA-stuffer,4,Group7,3.1,an4,65.74,74.22,19.2,53.8
AAV8-RK-GFP-polyA-stuffer,4,Group7,3.1,an5,31.12,49.29,3.6,58.0
AAV8-CMV-GFP,5,Group1,-1.7,an1,106.93,122.05,18.4,88.0
AAV8-CMV-GFP,5,Group1,-1.7,an2,74.24,83.31,17.0,86.6
AAV8-CMV-GFP,5,Group1,-1.7,an3,123.01,141.72,14.4,84.6
AAV8-CMV-GFP,5,Group1,-1.7,an4,127.86,148.94,14.2,84.2
AAV8-CMV-GFP,5,Group1,-1.7,an5,199.0,231.52,14.2,84.2
AAV8-CMV-GFP,5,Group2,-0.8,an1,54.33,42.09,3.2,76.2
AAV8-CMV-GFP,5,Group2,-0.8,an2,47.53,26.39,1.4,74.2
AAV8-CMV-GFP,5,Group2,-0.8,an3,100.0,41.43,39.2,72.6
AAV8-CMV-GFP,5,Group2,-0.8,an4,66.25,49.0,2.6,51.6
AAV8-CMV-GFP,5,Group2,-0.8,an5,97.88,81.83,5.2,78.0
AAV8-CMV-GFP,5,Group3,0.1,an1,51.32,35.47,10.8,63.2
AAV8-CMV-GFP,5,Group3,0.1,an2,26.55,25.59,9.0,61.2
AAV8-CMV-GFP,5,Group3,0.1,an3,57.5,41.66,11.4,63.2
AAV8-CMV-GFP,5,Group3,0.1,an4,62.19,41.63,13.0,65.0
AAV8-CMV-GFP,5,Group3,0.1,an5,57.72,69.39,6.8,59.0
AAV8-CMV-GFP,5,Group4,1.0,an1,88.53,42.11,13.6,102.2
AAV8-CMV-GFP,5,Group4,1.0,an2,58.07,30.82,14.4,102.6
AAV8-CMV-GFP,5,Group4,1.0,an3,101.88,48.11,13.4,101.6
AAV8-CMV-GFP,5,Group4,1.0,an4,106.36,52.64,14.8,103.4
AAV8-CMV-GFP,5,Group4,1.0,an5,164.25,81.98,15.2,103.6
AAV8-CMV-GFP,5,Group5,1.9,an1,24.5,39.93,5.6,119.0
AAV8-CMV-GFP,5,Group5,1.9,an2,17.59,28.62,5.6,119.6
AAV8-CMV-GFP,5,Group5,1.9,an3,29.81,46.54,6.4,119.4
AAV8-CMV-GFP,5,Group5,1.9,an4,44.78,35.38,9.2,120.0
AAV8-CMV-GFP,5,Group5,1.9,an5,42.97,89.58,3.0,118.4
AAV8-CMV-GFP,5,Group6,2.8,an1,162.67,80.82,18.0,48.8
AAV8-CMV-GFP,5,Group6,2.8,an2,94.77,57.15,19.8,51.6
AAV8-CMV-GFP,5,Group6,2.8,an3,158.55,92.68,20.0,113.2
AAV8-CMV-GFP,5,Group6,2.8,an4,193.1,97.95,18.2,111.0
AAV8-CMV-GFP,5,Group6,2.8,an5,311.67,153.69,18.0,48.8
AAV8-CMV-GFP,5,Group7,3.1,an1,47.07,113.83,4.2,117.8
AAV8-CMV-GFP,5,Group7,3.1,an2,38.4,64.38,29.2,116.4
AAV8-CMV-GFP,5,Group7,3.1,an3,68.44,107.62,8.2,116.6
AAV8-CMV-GFP,5,Group7,3.1,an4,78.77,131.87,2.6,116.4
AAV8-CMV-GFP,5,Group7,3.1,an5,71.28,207.63,5.2,119.2
AAV8-RK-PDE6B-3UTR,6,Group1,-1.7,an1,75.16,43.66,20.4,120.0
AAV8-RK-PDE6B-3UTR,6,Group1,-1.7,an2,87.01,59.22,17.2,120.0
AAV8-RK-PDE6B-3UTR,6,Group1,-1.7,an3,50.8,34.73,17.2,120.0
AAV8-RK-PDE6B-3UTR,6,Group1,-1.7,an4,23.03,16.15,38.8,120.0
AAV8-RK-PDE6B-3UTR,6,Group1,-1.7,an5,91.61,56.2,21.6,120.0
AAV8-RK-PDE6B-3UTR,6,Group2,-0.8,an1,30.74,39.26,5.8,40.0
AAV8-RK-PDE6B-3UTR,6,Group2,-0.8,an2,52.06,35.01,11.0,40.6
AAV8-RK-PDE6B-3UTR,6,Group2,-0.8,an3,26.24,24.33,9.4,42.0
AAV8-RK-PDE6B-3UTR,6,Group2,-0.8,an4,15.84,10.89,10.6,42.8
AAV8-RK-PDE6B-3UTR,6,Group2,-0.8,an5,34.99,46.64,5.8,40.0
AAV8-RK-PDE6B-3UTR,6,Group3,0.1,an1,49.49,14.4,13.6,40.0
AAV8-RK-PDE6B-3UTR,6,Group3,0.1,an2,31.45,16.9,18.8,44.2
AAV8-RK-PDE6B-3UTR,6,Group3,0.1,an3,27.06,8.43,16.4,41.8
AAV8-RK-PDE6B-3UTR,6,Group3,0.1,an4,10.45,6.12,14.6,40.0
AAV8-RK-PDE6B-3UTR,6,Group3,0.1,an5,46.41,19.44,17.6,43.8
AAV8-RK-PDE6B-3UTR,6,Group4,1.0,an1,68.41,141.07,11.8,120.0
AAV8-RK-PDE6B-3UTR,6,Group4,1.0,an2,93.75,123.7,37.4,120.0
AAV8-RK-PDE6B-3UTR,6,Group4,1.0,an3,53.25,78.78,15.0,120.0
AAV8-RK-PDE6B-3UTR,6,Group4,1.0,an4,28.77,36.97,37.8,120.0
AAV8-RK-PDE6B-3UTR,6,Group4,1.0,an5,112.78,164.24,15.6,120.0
AAV8-RK-PDE6B-3UTR,6,Group5,1.9,an1,28.42,124.04,3.0,120.0
AAV8-RK-PDE6B-3UTR,6,Group5,1.9,an2,46.8,115.52,1.4,119.6
AAV8-RK-PDE6B-3UTR,6,Group5,1.9,an3,23.5,75.55,1.4,118.2
AAV8-RK-PDE6B-3UTR,6,Group5,1.9,an4,9.92,38.18,2.2,120.0
AAV8-RK-PDE6B-3UTR,6,Group5,1.9,an5,44.15,145.22,4.4,120.0
AAV8-RK-PDE6B-3UTR,6,Group6,2.8,an1,56.1,198.07,22.8,115.4
AAV8-RK-PDE6B-3UTR,6,Group6,2.8,an2,48.59,199.07,25.4,118.0
AAV8-RK-PDE6B-3UTR,6,Group6,2.8,an3,32.05,121.62,25.6,118.0
AAV8-RK-PDE6B-3UTR,6,Group6,2.8,an4,19.03,57.61,31.0,115.4
AAV8-RK-PDE6B-3UTR,6,Group6,2.8,an5,72.05,253.94,24.2,116.6
AAV8-RK-PDE6B-3UTR,6,Group7,3.1,an1,103.27,100.96,33.2,120.0
AAV8-RK-PDE6B-3UTR,6,Group7,3.1,an2,100.84,106.11,32.0,120.0
AAV8-RK-PDE6B-3UTR,6,Group7,3.1,an3,60.26,65.33,30.6,120.0
AAV8-RK-PDE6B-3UTR,6,Group7,3.1,an4,27.94,30.66,30.4,119.2
AAV8-RK-PDE6B-3UTR,6,Group7,3.1,an5,126.19,123.84,33.4,120.0
